#MJD,cps,e_cps
60369.06918,1.001e-02,1.118e-01
60369.13284,1.217e-01,1.158e-01
60369.13400,7.385e-02,1.117e-01
60369.19302,2.195e-02,1.105e-01
60369.19418,3.047e-02,1.105e-01
60369.19534,-9.151e-03,1.076e-01
60369.19650,1.371e-01,1.142e-01
60369.19765,1.914e-01,1.224e-01
60369.25784,4.657e-01,1.301e-01
60369.25900,5.063e-01,1.321e-01
60369.26015,6.473e-01,1.352e-01
60369.26131,5.533e-01,1.317e-01
60369.26247,7.979e-01,1.429e-01
60369.26363,9.323e-01,1.517e-01
60369.32265,7.738e+00,3.038e-01
60369.32381,7.025e+00,2.905e-01
60369.32497,7.084e+00,2.922e-01
60369.32613,7.367e+00,2.968e-01
60369.32728,6.825e+00,2.872e-01
60369.38400,4.199e+00,2.494e-01
60369.38515,4.419e+00,2.481e-01
60369.38631,4.201e+00,2.383e-01
60369.38747,4.472e+00,2.414e-01
60369.38863,4.668e+00,2.551e-01
60369.44881,2.476e+00,2.126e-01
60369.44997,2.168e+00,1.967e-01
60369.45113,2.470e+00,1.981e-01
60369.45228,2.422e+00,1.927e-01
60369.51363,5.943e-01,1.599e-01
60369.51478,6.985e-01,1.501e-01
60369.51594,5.924e-01,1.385e-01
60369.51710,7.403e-01,1.389e-01
60369.57728,3.765e-01,1.658e-01
60369.57844,3.002e-01,1.466e-01
60369.57960,3.891e-01,1.378e-01
60369.58076,3.874e-01,1.293e-01
60369.58191,4.174e-01,1.265e-01
60369.64210,2.617e-01,1.535e-01
60369.64326,3.273e-01,1.447e-01
60369.64441,1.490e-01,1.238e-01
60369.64557,1.791e-01,1.208e-01
60369.64673,1.808e-01,1.152e-01
60369.70691,1.412e-01,1.423e-01
60369.70807,1.732e-01,1.331e-01
60369.70923,1.514e-01,1.228e-01
60369.71039,2.407e-01,1.233e-01
60369.71154,1.509e-01,1.132e-01
60369.77173,2.558e-01,1.463e-01
60369.77289,4.972e-02,1.276e-01
60369.77404,2.243e-01,1.258e-01
60369.77520,2.531e-01,1.233e-01
60369.84001,1.179e-01,1.175e-01
60369.84117,1.014e-01,1.147e-01
60369.84233,1.165e-01,1.132e-01
60369.84349,8.431e-02,1.121e-01
60369.90367,8.540e-02,1.228e-01
60369.90483,9.330e-02,1.183e-01
60369.90599,1.633e-02,1.117e-01
60369.90714,7.306e-02,1.120e-01
60369.90830,9.179e-02,1.127e-01
60369.96964,2.586e-02,1.126e-01
60369.97080,1.844e-01,1.185e-01
60369.97196,1.224e-01,1.155e-01
60369.97312,1.753e-01,1.175e-01
60370.03643,5.823e-02,1.165e-01
60370.03758,6.569e-02,1.153e-01
60370.16258,1.379e-01,1.187e-01
60370.16374,1.252e-01,1.143e-01
60370.16490,2.986e-01,1.235e-01
60370.16606,1.537e-01,1.169e-01
60370.22277,1.688e-01,1.244e-01
60370.22393,1.156e-01,1.185e-01
60370.22508,8.060e-02,1.138e-01
60370.22624,1.939e-01,1.193e-01
60370.22740,1.236e-01,1.150e-01
60370.28758,1.761e-01,1.270e-01
60370.28874,2.076e-01,1.232e-01
60370.28990,3.413e-01,1.248e-01
60370.29106,1.291e-01,1.176e-01
60370.29221,1.509e-01,1.187e-01
60370.35240,1.392e-01,1.281e-01
60370.35356,1.974e-01,1.227e-01
60370.35471,1.037e-01,1.137e-01
60370.35587,2.214e-01,1.174e-01
60370.41721,6.610e-02,1.304e-01
60370.41837,5.971e-02,1.179e-01
60370.41953,6.873e-02,1.139e-01
60370.42069,1.687e-01,1.154e-01
60370.48087,1.691e-01,1.494e-01
60370.48203,1.541e-01,1.356e-01
60370.48319,1.132e-01,1.230e-01
60370.48434,2.211e-01,1.218e-01
60370.48550,2.548e-02,1.100e-01
60370.54569,1.059e-01,1.430e-01
60370.54684,1.679e-01,1.305e-01
60370.54800,1.125e-01,1.199e-01
60370.54916,2.385e-01,1.199e-01
60370.55032,2.064e-01,1.201e-01
60370.61050,1.902e-02,1.341e-01
60370.61166,2.054e-02,1.228e-01
60370.61282,1.013e-01,1.180e-01
60370.61397,9.099e-02,1.123e-01
60370.61513,1.907e-01,1.183e-01
60370.67879,1.368e-01,1.143e-01
60370.67995,1.214e-01,1.110e-01
60370.68110,8.145e-02,1.083e-01
60370.68226,1.010e-01,1.099e-01
60370.73897,5.363e-02,1.547e-01
60370.74013,5.971e-03,1.354e-01
60370.74129,1.391e-01,1.341e-01
60370.74245,1.640e-01,1.329e-01
60370.74360,6.455e-02,1.199e-01
60370.74476,4.741e-02,1.179e-01
60370.74592,1.263e-01,1.218e-01
60370.74708,1.825e-01,1.258e-01
60370.74823,2.014e-01,1.270e-01
60370.80842,2.823e-02,1.115e-01
60370.80958,1.870e-01,1.174e-01
60370.81073,1.140e-01,1.142e-01
60370.81189,2.068e-01,1.170e-01
60370.81305,1.953e-01,1.157e-01
60370.87208,3.462e+00,2.262e-01
60370.87323,2.950e+00,2.072e-01
60370.87439,3.308e+00,2.147e-01
60370.87555,3.319e+00,2.150e-01
60370.87670,3.757e+00,2.249e-01
60370.87786,3.959e+00,2.505e-01
60370.93689,1.294e+01,3.848e-01
60370.93805,1.280e+01,3.817e-01
60370.93920,1.271e+01,3.797e-01
60370.94036,1.375e+01,3.936e-01
60370.94152,1.405e+01,3.978e-01
60371.00312,1.234e+01,3.799e-01
60371.00427,1.236e+01,3.751e-01
60371.00543,1.180e+01,4.097e-01
60371.12696,4.605e+00,2.448e-01
60371.12812,4.367e+00,2.394e-01
60371.12927,4.423e+00,2.422e-01
60371.13043,4.207e+00,2.368e-01
60371.19177,1.578e+00,1.688e-01
60371.19293,1.519e+00,1.661e-01
60371.19409,1.495e+00,1.662e-01
60371.19525,1.286e+00,1.600e-01
60371.19640,1.371e+00,1.621e-01
60371.19756,1.457e+00,1.640e-01
60371.19872,1.371e+00,1.621e-01
60371.25659,4.326e-01,1.295e-01
60371.25775,3.444e-01,1.236e-01
60371.25890,2.967e-01,1.196e-01
60371.26006,3.128e-01,1.224e-01
60371.26122,3.137e-01,1.221e-01
60371.26238,4.085e-01,1.255e-01
60371.26353,2.532e-01,1.271e-01
60371.32025,2.550e-01,1.296e-01
60371.32140,1.492e-01,1.189e-01
60371.32256,1.693e-01,1.152e-01
60371.38506,1.350e-01,1.250e-01
60371.38622,2.349e-02,1.137e-01
60371.38738,2.518e-01,1.191e-01
60371.44988,1.419e-01,1.269e-01
60371.45103,1.177e-01,1.176e-01
60371.45219,9.499e-02,1.125e-01
60371.51469,8.408e-02,1.223e-01
60371.51585,6.036e-03,1.112e-01
60371.51701,1.500e-01,1.136e-01
60371.51816,1.148e-01,1.089e-01
60371.57835,1.167e-01,1.341e-01
60371.57951,2.385e-01,1.247e-01
60371.58066,1.760e-01,1.172e-01
60371.58182,1.302e-01,1.122e-01
60371.58298,9.419e-02,1.078e-01
60371.64316,7.555e-02,1.261e-01
60371.64432,1.232e-01,1.211e-01
60371.64548,-5.223e-02,1.063e-01
60371.64664,6.958e-02,1.085e-01
60371.64779,1.320e-01,1.114e-01
60371.70798,9.190e-02,1.239e-01
60371.70914,6.291e-02,1.165e-01
60371.71029,1.332e-01,1.159e-01
60371.71145,1.599e-01,1.143e-01
60371.71261,1.712e-02,1.087e-01
60371.77279,1.258e-01,1.290e-01
60371.77395,8.192e-02,1.182e-01
60371.77511,6.138e-02,1.121e-01
60371.77626,1.399e-01,1.130e-01
60371.83761,1.493e-01,1.287e-01
60371.83876,1.399e-01,1.228e-01
60371.83992,6.813e-02,1.142e-01
60371.84108,1.592e-01,1.145e-01
60371.90358,-6.831e-03,1.171e-01
60371.90474,1.722e-01,1.188e-01
60371.90589,1.474e-01,1.147e-01
60371.96955,2.131e-01,1.265e-01
60371.97071,1.800e-01,1.194e-01
60371.97187,3.521e-02,1.123e-01
60372.09476,8.087e-02,1.190e-01
60372.09592,8.431e-02,1.222e-01
60372.09823,2.436e-01,1.257e-01
60372.09939,2.605e-01,1.203e-01
60372.16305,1.882e-01,1.199e-01
60372.16420,1.267e-01,1.137e-01
60372.16536,1.537e-01,1.169e-01
60372.16652,5.404e-02,1.154e-01
60372.16768,1.267e-01,1.237e-01
60372.22902,1.589e-01,1.147e-01
60372.23018,1.797e-01,1.157e-01
60372.23133,1.418e-01,1.171e-01
60372.23249,2.965e-01,1.290e-01
60372.28920,1.544e-01,1.166e-01
60372.29036,1.449e-01,1.158e-01
60372.29152,5.459e-02,1.100e-01
60372.29268,1.710e-01,1.144e-01
60372.35402,9.101e-02,1.142e-01
60372.35518,1.416e-01,1.123e-01
60372.35633,5.799e-02,1.085e-01
60372.35749,1.328e-01,1.111e-01
60372.41768,7.577e-02,1.217e-01
60372.41883,9.819e-02,1.161e-01
60372.41999,2.217e-01,1.173e-01
60372.42115,7.014e-02,1.082e-01
60372.42231,2.773e-01,1.182e-01
60372.48712,2.982e-01,1.190e-01
60372.48828,2.708e-01,1.161e-01
60372.48944,2.157e-01,1.150e-01
60372.49059,3.621e-01,1.211e-01
60372.49175,2.145e-01,1.155e-01
60372.54731,4.215e-01,1.294e-01
60372.54846,4.821e-01,1.282e-01
60372.54962,3.949e-01,1.218e-01
60372.55078,6.343e-01,1.316e-01
60372.61212,8.153e-01,1.490e-01
60372.61328,7.147e-01,1.399e-01
60372.61444,1.110e+00,1.582e-01
60372.61559,9.997e-01,1.486e-01
60372.67578,6.039e-01,1.501e-01
60372.67694,5.196e-01,1.358e-01
60372.67809,8.620e-01,1.446e-01
60372.67925,8.864e-01,1.441e-01
60372.68041,1.003e+00,1.525e-01
60372.74059,1.016e+00,1.590e-01
60372.74175,1.169e+00,1.610e-01
60372.74291,1.346e+00,1.669e-01
60372.74407,1.754e+00,1.806e-01
60372.74522,1.894e+00,1.934e-01
60372.80888,1.398e+00,1.724e-01
60372.81004,1.295e+00,1.718e-01
60372.81120,1.723e+00,1.769e-01
60372.81235,1.348e+00,1.664e-01
60372.81351,1.325e+00,1.622e-01
60372.81467,1.417e+00,1.657e-01
60372.87370,1.784e+00,1.968e-01
60372.87485,1.780e+00,1.923e-01
60372.87601,1.447e+00,1.840e-01
60372.87717,1.329e+00,1.684e-01
60372.87833,1.248e+00,1.610e-01
60372.87948,9.714e-01,1.504e-01
60372.93851,1.168e+00,1.612e-01
60372.93967,1.349e+00,1.803e-01
60372.94083,1.256e+00,1.736e-01
60372.94198,1.194e+00,1.599e-01
60372.94314,9.210e-01,1.480e-01
60372.94430,7.705e-01,1.461e-01
60373.00328,1.019e+00,1.645e-01
60373.06694,6.597e-01,1.432e-01
60373.06809,7.944e-01,1.558e-01
60373.12828,5.663e-01,1.448e-01
60373.12944,8.214e-01,1.522e-01
60373.13059,4.338e-01,1.336e-01
60373.13175,5.102e-01,1.350e-01
60373.19888,3.542e+00,2.243e-01
60373.20004,3.644e+00,2.298e-01
60373.20120,3.636e+00,2.347e-01
60373.20235,3.966e+00,2.487e-01
60373.25675,8.863e+00,3.623e-01
60373.25791,9.442e+00,3.337e-01
60373.25907,1.033e+01,3.472e-01
60373.26022,1.062e+01,3.515e-01
60373.26138,1.012e+01,3.528e-01
60373.32157,9.016e+00,3.319e-01
60373.32272,8.764e+00,3.215e-01
60373.32388,9.209e+00,3.289e-01
60373.32504,8.591e+00,3.280e-01
60373.32620,8.575e+00,3.421e-01
60373.39217,8.125e+00,3.100e-01
60373.39333,7.872e+00,3.063e-01
60373.39448,7.910e+00,3.075e-01
60373.39564,7.071e+00,2.943e-01
60373.39680,7.833e+00,3.341e-01
60373.45698,3.632e+00,2.394e-01
60373.45814,3.380e+00,2.167e-01
60373.45930,3.785e+00,2.263e-01
60373.46045,3.227e+00,2.148e-01
60373.46161,3.405e+00,2.375e-01
60373.52180,1.545e+00,1.658e-01
60373.52295,1.457e+00,1.639e-01
60373.52411,1.240e+00,1.562e-01
60373.52527,1.212e+00,1.579e-01
60373.65143,3.178e-01,1.204e-01
60373.65258,2.647e-01,1.186e-01
60373.65374,1.792e-01,1.182e-01
60373.65490,1.581e-01,1.199e-01
60373.71508,1.481e-01,1.199e-01
60373.71624,2.141e-01,1.157e-01
60373.71740,1.446e-01,1.159e-01
60373.71856,1.749e-01,1.200e-01
60373.71971,1.675e-01,1.262e-01
60373.78106,1.798e-01,1.156e-01
60373.78221,1.763e-01,1.194e-01
60373.78337,1.784e-01,1.210e-01
60373.84471,2.282e-01,1.249e-01
60373.84587,1.761e-01,1.172e-01
60373.84703,1.128e-01,1.147e-01
60373.84819,6.203e-02,1.169e-01
60373.90721,3.548e-01,1.354e-01
60373.90837,2.391e-01,1.244e-01
60373.90953,2.349e-01,1.214e-01
60373.91069,1.654e-01,1.168e-01
60373.91184,1.747e-01,1.201e-01
60373.91300,1.464e-01,1.216e-01
60373.97087,1.643e-01,1.292e-01
60373.97203,1.538e-01,1.237e-01
60373.97319,1.994e-01,1.219e-01
60373.97434,1.862e-01,1.177e-01
60373.97550,1.839e-01,1.187e-01
60373.97666,2.522e-01,1.237e-01
60373.97782,1.649e-01,1.272e-01
60374.03461,1.522e-01,1.215e-01
60374.03577,2.621e-01,1.244e-01
60374.09711,9.791e-02,1.215e-01
60374.09827,2.534e-01,1.232e-01
60374.09942,1.380e-01,1.187e-01
60374.10058,1.450e-01,1.207e-01
60374.16077,1.637e-01,1.254e-01
60374.16192,3.933e-01,1.315e-01
60374.16308,2.290e-01,1.230e-01
60374.16424,2.749e-01,1.238e-01
60374.16540,1.351e-01,1.206e-01
60374.29040,9.923e-02,1.153e-01
60374.29155,7.031e-02,1.132e-01
60374.29271,1.637e-01,1.175e-01
60374.29387,3.365e-02,1.091e-01
60374.29503,1.635e-01,1.205e-01
60374.35521,1.034e-01,1.138e-01
60374.35637,1.355e-01,1.148e-01
60374.35753,1.682e-01,1.156e-01
60374.35868,2.728e-01,1.200e-01
60374.42350,6.129e-02,1.099e-01
60374.42466,1.328e-01,1.111e-01
60374.42581,6.426e-02,1.108e-01
60374.42697,1.774e-01,1.166e-01
60374.42813,1.253e-01,1.193e-01
60374.42929,1.869e-01,1.272e-01
60374.48716,6.992e-02,1.124e-01
60374.48831,6.289e-02,1.098e-01
60374.48947,1.202e-01,1.115e-01
60374.49063,1.937e-01,1.148e-01
60374.49179,1.001e-01,1.149e-01
60374.55197,6.789e-02,1.095e-01
60374.55313,4.244e-02,1.052e-01
60374.55429,3.116e-02,1.051e-01
60374.55544,1.153e-01,1.087e-01
60374.55660,1.920e-01,1.212e-01
60374.61910,1.343e-01,1.104e-01
60374.62026,1.213e-01,1.111e-01
60374.62142,1.629e-01,1.179e-01
60374.62257,1.740e-01,1.229e-01
60374.68392,3.496e-02,1.085e-01
60374.68507,1.278e-01,1.132e-01
60374.68623,3.750e-02,1.125e-01
60374.68739,1.136e-01,1.244e-01
60374.74873,1.703e-01,1.147e-01
60374.74989,2.105e-01,1.172e-01
60374.75104,2.056e-01,1.241e-01
60374.75220,-4.727e-02,1.200e-01
60374.81239,1.149e-01,1.138e-01
60374.81354,1.471e-02,1.073e-01
60374.81470,2.448e-01,1.220e-01
60374.81586,1.764e-02,1.163e-01
60374.81702,6.960e-02,1.280e-01
60374.87720,9.336e-02,1.132e-01
60374.87836,7.611e-02,1.107e-01
60374.87952,1.744e-01,1.179e-01
60374.88067,3.595e-02,1.184e-01
60374.94202,5.626e-02,1.093e-01
60374.94317,2.061e-01,1.190e-01
60374.94433,1.378e-01,1.188e-01
60374.94549,1.301e-01,1.222e-01
60375.00408,1.716e-01,1.182e-01
60375.00523,1.520e-01,1.176e-01
60375.00639,6.772e-02,1.144e-01
60375.00755,9.571e-02,1.172e-01
60375.00871,1.712e-01,1.286e-01
60375.06889,3.337e+00,2.188e-01
60375.07005,3.623e+00,2.269e-01
60375.07121,3.718e+00,2.312e-01
60375.07236,4.130e+00,2.442e-01
60375.13371,5.885e+00,2.727e-01
60375.13486,6.629e+00,2.897e-01
60375.13602,7.838e+00,3.144e-01
60375.13718,7.700e+00,3.172e-01
60375.19852,5.597e+00,2.665e-01
60375.19968,5.233e+00,2.616e-01
60375.20084,4.953e+00,2.607e-01
60375.20199,5.378e+00,2.771e-01
60375.20315,4.718e+00,2.750e-01
60375.20431,4.421e+00,3.034e-01
60375.26218,2.796e+00,2.222e-01
60375.26334,3.078e+00,2.095e-01
60375.26449,3.048e+00,2.112e-01
60375.26565,3.022e+00,2.148e-01
60375.26681,3.165e+00,2.251e-01
60375.26797,2.928e+00,2.318e-01
60375.33047,1.723e+00,1.770e-01
60375.33162,2.006e+00,1.911e-01
60375.33278,1.632e+00,1.915e-01
60375.39412,6.775e-01,1.391e-01
60375.39528,6.635e-01,1.419e-01
60375.39644,7.349e-01,1.492e-01
60375.39760,7.887e-01,1.602e-01
60375.45894,1.699e-01,1.169e-01
60375.46010,3.189e-01,1.246e-01
60375.46125,2.375e-01,1.251e-01
60375.46241,3.389e-01,1.419e-01
60375.52375,2.395e-01,1.195e-01
60375.52491,2.160e-01,1.197e-01
60375.52607,1.538e-01,1.218e-01
60375.58857,1.673e-01,1.160e-01
60375.58973,1.624e-01,1.181e-01
60375.59088,-2.555e-02,1.204e-01
60375.65223,1.247e-01,1.132e-01
60375.65338,1.449e-01,1.158e-01
60375.65454,1.193e-01,1.219e-01
60375.65570,1.356e-01,1.297e-01
60375.71704,1.891e-01,1.165e-01
60375.71820,9.723e-02,1.165e-01
60375.71936,8.067e-02,1.239e-01
60375.72051,1.076e-01,1.360e-01
60375.78186,7.918e-02,1.144e-01
60375.78301,-1.314e-02,1.147e-01
60375.78417,1.730e-02,1.216e-01
60375.83973,1.159e-01,1.190e-01
60375.84088,1.616e-01,1.184e-01
60375.84204,1.388e-01,1.184e-01
60375.84320,1.160e-01,1.134e-01
60375.90801,1.353e-01,1.154e-01
60375.90917,1.443e-01,1.160e-01
60375.91033,1.159e-01,1.134e-01
60375.91148,5.867e-02,1.133e-01
60375.91264,7.960e-02,1.193e-01
60375.91380,9.591e-02,1.292e-01
60375.97283,1.672e-01,1.160e-01
60375.97398,8.160e-02,1.133e-01
60375.97514,-3.716e-02,1.100e-01
60375.97630,5.108e-02,1.167e-01
60375.97746,6.733e-02,1.247e-01
60376.03364,5.495e-02,1.127e-01
60376.03479,1.325e-01,1.161e-01
60376.09845,5.100e-02,1.116e-01
60376.09961,1.935e-01,1.195e-01
60376.16327,1.165e-01,1.131e-01
60376.16442,7.058e-02,1.131e-01
60376.16558,7.607e-02,1.158e-01
60376.16674,1.064e-01,1.226e-01
60376.22808,9.599e-02,1.120e-01
60376.22924,-2.828e-02,1.059e-01
60376.23040,1.568e-01,1.156e-01
60376.23155,1.512e-01,1.221e-01
60376.29174,-1.147e-02,1.084e-01
60376.29290,1.161e-01,1.133e-01
60376.29405,2.267e-01,1.182e-01
60376.35655,1.680e-02,1.064e-01
60376.35771,1.530e-01,1.136e-01
60376.42137,5.878e-02,1.082e-01
60376.42253,8.065e-02,1.087e-01
60376.48618,1.436e-01,1.114e-01
60376.48734,9.235e-02,1.086e-01
60376.55100,4.640e-02,1.062e-01
60376.55216,9.523e-02,1.074e-01
60376.55331,1.178e-01,1.076e-01
60376.55447,1.031e-01,1.090e-01
60376.55563,2.026e-01,1.157e-01
60376.55679,1.812e-01,1.199e-01
60376.55794,9.576e-02,1.222e-01
60376.55910,2.039e-01,1.359e-01
60376.61466,6.505e-02,1.119e-01
60376.61581,1.149e-01,1.089e-01
60376.61697,8.702e-02,1.059e-01
60376.61813,2.907e-01,1.174e-01
60376.61929,2.164e-01,1.147e-01
60376.67947,2.506e-01,1.196e-01
60376.68063,1.117e-02,1.037e-01
60376.68179,1.459e-01,1.104e-01
60376.68294,1.147e-01,1.090e-01
60376.68410,1.438e-01,1.113e-01
60376.74429,1.994e-01,1.170e-01
60376.74544,9.639e-02,1.119e-01
60376.74660,1.123e-01,1.100e-01
60376.74776,2.585e-01,1.164e-01
60376.74892,1.964e-01,1.183e-01
60376.75007,3.667e-02,1.129e-01
60376.75123,1.010e-01,1.249e-01
60376.75239,1.301e-01,1.372e-01
60376.80910,1.031e-01,1.140e-01
60376.81026,1.044e-01,1.134e-01
60376.81142,1.213e-01,1.111e-01
60376.81257,7.996e-02,1.090e-01
60376.81373,1.066e-01,1.125e-01
60376.81489,1.353e-01,1.199e-01
60376.81604,1.272e-01,1.284e-01
60376.81720,1.500e-01,1.409e-01
60376.87392,1.821e-01,1.195e-01
60376.87507,3.836e-01,1.262e-01
60376.87623,2.732e-01,1.198e-01
60376.87739,2.689e-01,1.216e-01
60376.87854,1.235e-01,1.151e-01
60376.87970,2.873e-01,1.281e-01
60376.88086,5.148e-02,1.268e-01
60377.00236,5.390e-02,1.132e-01
60377.00352,1.230e-01,1.153e-01
60377.00468,1.492e-01,1.188e-01
60377.00584,1.606e-01,1.238e-01
60377.00699,1.298e-01,1.223e-01
60377.00815,9.555e-02,1.274e-01
60377.00931,1.175e-01,1.327e-01
60377.01047,1.138e-01,1.445e-01
60377.13199,1.823e-01,1.194e-01
60377.13315,1.299e-01,1.223e-01
60377.13431,-2.687e-02,1.210e-01
60377.13547,1.190e-01,1.371e-01
60377.13662,5.341e-02,1.516e-01
60377.13778,1.569e-01,1.756e-01
60377.13894,5.759e-02,1.961e-01
60377.19681,6.648e+00,2.840e-01
60377.19797,6.984e+00,2.916e-01
60377.19912,7.192e+00,2.972e-01
60377.20028,7.276e+00,3.028e-01
60377.20144,8.091e+00,3.222e-01
60377.20260,8.585e+00,3.406e-01
60377.20375,9.435e+00,3.696e-01
60377.26047,1.343e+01,4.397e-01
60377.26162,1.313e+01,3.846e-01
60377.26278,1.327e+01,3.991e-01
60377.26394,1.279e+01,3.818e-01
60377.26510,1.263e+01,3.815e-01
60377.26625,1.199e+01,3.766e-01
60377.26741,1.115e+01,3.708e-01
60377.26857,1.224e+01,3.979e-01
60377.32528,1.498e+01,4.167e-01
60377.32644,1.550e+01,4.151e-01
60377.32760,1.370e+01,3.924e-01
60377.32875,1.236e+01,3.748e-01
60377.32991,1.289e+01,3.841e-01
60377.33107,1.323e+01,3.909e-01
60377.33223,1.239e+01,3.844e-01
60377.33338,1.218e+01,4.190e-01
60377.39010,1.272e+01,3.782e-01
60377.39125,1.360e+01,3.902e-01
60377.39241,1.376e+01,3.927e-01
60377.39357,1.352e+01,3.904e-01
60377.39473,1.390e+01,3.962e-01
60377.39588,1.275e+01,3.833e-01
60377.39704,1.256e+01,3.837e-01
60377.45491,4.999e+00,2.666e-01
60377.45607,4.557e+00,2.406e-01
60377.45723,4.541e+00,2.415e-01
60377.45838,4.485e+00,2.413e-01
60377.45954,4.772e+00,2.483e-01
60377.46070,4.821e+00,2.523e-01
60377.46186,4.707e+00,2.548e-01
60377.51973,1.803e+00,1.704e-01
60377.52088,1.468e+00,1.605e-01
60377.52204,1.737e+00,1.695e-01
60377.52320,1.511e+00,1.651e-01
60377.52436,1.491e+00,1.675e-01
60377.52551,1.291e+00,1.656e-01
60377.52667,1.165e+00,1.698e-01
60377.58338,4.162e-01,1.261e-01
60377.58454,3.564e-01,1.188e-01
60377.58570,3.404e-01,1.206e-01
60377.58686,3.906e-01,1.235e-01
60377.58801,2.367e-01,1.206e-01
60377.58917,4.048e-01,1.315e-01
60377.59033,4.368e-01,1.415e-01
60377.59148,3.851e-01,1.520e-01
60377.64820,2.315e-01,1.133e-01
60377.64936,9.471e-02,1.076e-01
60377.65051,2.058e-01,1.144e-01
60377.65167,1.377e-01,1.139e-01
60377.71301,2.470e-01,1.164e-01
60377.71417,1.858e-01,1.131e-01
60377.71533,1.394e-01,1.132e-01
60377.71648,2.465e-01,1.243e-01
60377.77783,2.040e-01,1.183e-01
60377.77898,1.728e-01,1.137e-01
60377.78014,1.212e-01,1.111e-01
60377.84264,1.697e-01,1.150e-01
60377.84380,2.557e-01,1.176e-01
60377.84496,2.099e-01,1.175e-01
60377.84611,1.928e-01,1.198e-01
60377.84727,1.201e-01,1.215e-01
60377.90630,1.612e-01,1.187e-01
60377.90746,1.812e-01,1.150e-01
60377.90861,1.174e-01,1.127e-01
60377.90977,2.184e-01,1.187e-01
60377.91093,2.548e-02,1.128e-01
60377.91209,2.247e-01,1.296e-01
60377.97111,2.463e-01,1.214e-01
60377.97227,2.756e-01,1.235e-01
60377.97343,1.824e-01,1.193e-01
60377.97459,1.792e-01,1.256e-01
60377.97574,2.023e-01,1.303e-01
60377.97690,2.235e-01,1.397e-01
60378.03561,2.009e-01,1.256e-01
60378.03676,1.552e-01,1.261e-01
60378.03792,9.780e-02,1.314e-01
60378.03908,4.348e-02,1.355e-01
60378.10389,1.785e-01,1.557e-01
60378.10505,8.849e-02,1.713e-01
60378.10621,1.628e-01,1.931e-01
60378.10736,8.991e-02,2.118e-01
60378.16755,6.561e-02,1.368e-01
60378.16871,9.768e-03,1.459e-01
60378.16986,1.590e-01,1.746e-01
60378.17102,1.393e-01,2.092e-01
60378.17218,1.950e-01,2.407e-01
60378.23236,6.930e-02,1.238e-01
60378.23352,1.222e-01,1.407e-01
60378.23468,1.748e-01,1.624e-01
60378.23584,1.572e-02,1.899e-01
60378.29718,8.926e-02,1.200e-01
60378.29834,2.369e-01,1.350e-01
60378.29949,7.001e-02,1.440e-01
60378.30065,1.393e-01,1.684e-01
60378.35852,1.328e-01,1.133e-01
60378.35968,7.756e-02,1.100e-01
60378.36084,3.915e-02,1.118e-01
60378.36199,1.794e-01,1.206e-01
60378.36315,2.326e-01,1.320e-01
60378.36431,1.630e-01,1.376e-01
60378.36547,5.279e-02,1.519e-01
60378.42565,1.906e-01,1.203e-01
60378.42681,9.661e-02,1.168e-01
60378.42797,1.770e-01,1.265e-01
60378.42912,3.169e-02,1.306e-01
60378.43028,1.808e-01,1.491e-01
60378.48815,7.176e-02,1.092e-01
60378.48931,1.818e-01,1.187e-01
60378.49047,7.457e-02,1.164e-01
60378.49162,1.748e-01,1.217e-01
60378.49278,2.338e-01,1.300e-01
60378.49394,1.556e-01,1.355e-01
60378.55875,9.843e-02,1.362e-01
60378.62241,8.306e-02,1.332e-01
60378.62357,4.572e-02,1.431e-01
60378.68723,9.511e-02,1.377e-01
60378.74625,1.733e-01,1.135e-01
60378.74741,1.489e-01,1.153e-01
60378.74857,2.023e-01,1.194e-01
60378.74973,1.459e-01,1.242e-01
60378.75088,1.219e-01,1.307e-01
60378.75204,1.662e-01,1.467e-01
60378.81107,1.835e-01,1.141e-01
60378.81223,1.715e-01,1.142e-01
60378.81338,9.732e-02,1.165e-01
60378.81454,1.670e-01,1.260e-01
60378.81570,1.006e-01,1.301e-01
60378.87588,1.158e-01,1.134e-01
60378.87704,1.887e-01,1.167e-01
60378.87820,7.552e-02,1.160e-01
60378.87936,1.239e-01,1.260e-01
60378.88051,1.186e-01,1.347e-01
60378.94070,2.878e-01,1.232e-01
60378.94186,1.267e-01,1.186e-01
60378.94301,1.572e-01,1.253e-01
60378.94417,2.791e-02,1.272e-01
60379.00444,1.202e-01,1.252e-01
60379.00559,9.394e-02,1.281e-01
60379.00675,2.057e-02,1.305e-01
60379.00791,1.409e-01,1.424e-01
60379.06925,6.490e-02,1.309e-01
60379.07041,1.954e-01,1.482e-01
60379.07157,1.592e-01,1.593e-01
60379.07272,1.098e-01,1.717e-01
60379.13407,6.441e-02,1.260e-01
60379.13522,2.063e-01,1.433e-01
60379.13638,-8.489e-02,1.537e-01
60379.19888,1.248e-01,1.245e-01
60379.20004,9.855e-02,1.311e-01
60379.20120,1.045e-01,1.487e-01
60379.26254,1.046e-01,1.176e-01
60379.26370,1.059e-01,1.177e-01
60379.26485,1.169e-01,1.280e-01
60379.32735,1.629e-02,1.084e-01
60379.32851,8.175e-02,1.133e-01
60379.32967,2.438e-01,1.272e-01
60379.39217,1.096e-01,1.111e-01
60379.39333,6.261e-02,1.116e-01
60379.45698,2.364e-01,1.160e-01
60379.45814,2.909e-01,1.219e-01
60379.52180,5.408e+00,2.668e-01
60379.58661,7.229e+00,2.948e-01
60379.65027,3.745e+00,2.425e-01
